state,year,cigsale,lnincome,beer,age15to24,retprice
Alabama,1970,89.800003,,,.1788618,39.599998
Alabama,1971,95.400002,,,.1799278,42.700001
Alabama,1972,101.1,9.498476,,.1809939,42.299999
Alabama,1973,102.9,9.550107,,.1820599,42.099998
Alabama,1974,108.2,9.5371628,,.183126,43.099998
Alabama,1975,111.7,9.5400314,,.18419211,46.599998
Alabama,1976,116.2,9.5919085,,.18525811,50.400002
Alabama,1977,117.1,9.6174955,,.18632419,50.099998
Alabama,1978,123,9.6540718,,.18739019,55.099998
Alabama,1979,121.4,9.6491804,,.1884563,56.799999
Alabama,1980,123.2,9.6121941,,.1895223,60.599998
Alabama,1981,119.6,9.6095943,,.1858422,68.800003
Alabama,1982,119.1,9.59758,,.18216211,73.099998
Alabama,1983,116.3,9.6267691,,.178482,84.400002
Alabama,1984,113,9.6716213,18,.1748019,90.800003
Alabama,1985,114.5,9.7031927,18.700001,.17112181,99
Alabama,1986,116.3,9.7459497,19.299999,.1674417,103
Alabama,1987,114,9.7620916,19.4,.1637616,110
Alabama,1988,112.1,9.7817698,19.4,.16008151,114.4
Alabama,1989,105.6,9.8025274,19.4,.1564014,122.3
Alabama,1990,108.6,9.81429,20.1,.1527212,139.10001
Alabama,1991,107.9,9.8192596,20.1,,144.39999
Alabama,1992,109.1,9.8452864,20.4,,172.2
Alabama,1993,108.5,9.8521605,20.299999,,176.2
Alabama,1994,107.1,9.8793344,21,,154.60001
Alabama,1995,102.6,9.9244041,20.6,,155.10001
Alabama,1996,101.4,9.9400272,21,,158.3
Alabama,1997,104.9,9.9372702,20.799999,,167.39999
Alabama,1998,106.2,,,,180.5
Alabama,1999,100.7,,,,195.60001
Alabama,2000,96.199997,,,,270.70001
Arkansas,1970,100.3,,,.16900679,36.700001
Arkansas,1971,104.1,,,.1699539,38.799999
Arkansas,1972,103.9,9.4645138,,.170901,44.099998
Arkansas,1973,108,9.5568304,,.171848,45.099998
Arkansas,1974,109.7,9.5422859,,.1727951,45.5
Arkansas,1975,114.8,9.5140944,,.1737422,48.599998
Arkansas,1976,119.1,9.5581532,,.17468929,50.900002
Arkansas,1977,122.6,9.5909233,,.1756364,52.599998
Arkansas,1978,127.3,9.657238,,.1765835,56.5
Arkansas,1979,126.5,9.6335325,,.1775306,58.400002
Arkansas,1980,131.8,9.5738029,,.1784777,61.5
Arkansas,1981,128.7,9.5930414,,.1750111,64.699997
Arkansas,1982,127.4,9.5737,,.17154451,72.099998
Arkansas,1983,128,9.5930529,,.1680779,82
Arkansas,1984,123.1,9.6504402,17.9,.1646114,93.599998
Arkansas,1985,125.8,9.6755266,18.1,.16114479,98.5
Arkansas,1986,126,9.7059393,18.700001,.1576782,103.6
Arkansas,1987,122.3,9.705574,19,.1542116,113
Arkansas,1988,121.5,9.7215319,18.9,.150745,119.9
Arkansas,1989,118.3,9.7373695,19,.1472785,127.7
Arkansas,1990,113.1,9.736311,19.9,.1438119,141.2
Arkansas,1991,116.8,9.7430677,19.9,,146.5
Arkansas,1992,126,9.7886286,20,,177.3
Arkansas,1993,113.8,9.7851419,19.700001,,179.89999
Arkansas,1994,108.8,9.8136311,19.700001,,168.10001
Arkansas,1995,113,9.86446,19.5,,167.3
Arkansas,1996,110.7,9.8852339,20.1,,167.10001
Arkansas,1997,108.7,9.8831072,19.799999,,181.3
Arkansas,1998,109.5,,,,187.3
Arkansas,1999,104.8,,,,206.89999
Arkansas,2000,99.400002,,,,279.29999
California,1970,123,,,.1781583,38.799999
California,1971,121,,,.1792964,39.700001
California,1972,123.5,9.9308138,,.18043441,39.900002
California,1973,124.4,9.9550924,,.18157239,39.900002
California,1974,126.7,9.947999,,.18271039,41.900002
California,1975,127.1,9.9371672,,.1838485,45
California,1976,128,9.9768581,,.1849865,48.299999
California,1977,126.4,10.0027,,.1861245,49
California,1978,126.1,10.04556,,.18726251,58.700001
California,1979,121.9,10.05469,,.1884006,60.099998
California,1980,120.2,10.03784,,.1895386,62.099998
California,1981,118.6,10.02863,,.1855371,66.400002
California,1982,115.4,10.01253,,.1815355,72.800003
California,1983,110.8,10.03174,,.17753389,84.900002
California,1984,104.8,10.07536,25,.1735324,94.900002
California,1985,102.8,10.0997,24,.16953079,98
California,1986,99.699997,10.12727,24.700001,.1655293,104.4
California,1987,97.5,10.1343,24.1,.16152769,103.9
California,1988,90.099998,10.14166,23.6,.1575262,117.4
California,1989,82.400002,10.14231,23.700001,.15352461,126.4
California,1990,77.800003,10.14162,23.799999,.149523,163.8
California,1991,68.699997,10.11071,22.299999,,186.8
California,1992,67.5,10.11494,21.299999,,201.89999
California,1993,63.400002,10.0985,20.799999,,205.10001
California,1994,58.599998,10.09951,20.1,,190.3
California,1995,56.400002,10.15592,19.700001,,195.10001
California,1996,54.5,10.17864,19.1,,197.89999
California,1997,53.799999,10.17519,19.5,,200.3
California,1998,52.299999,,,,207.8
California,1999,47.200001,,,,224.89999
California,2000,41.599998,,,,351.20001
Colorado,1970,124.8,,,.1909502,29.4
Colorado,1971,125.5,,,.1916476,31.1
Colorado,1972,134.3,9.8055477,,.19234499,31.200001
Colorado,1973,137.89999,9.8484135,,.19304229,32.700001
Colorado,1974,132.8,9.8404512,,.1937397,38.099998
Colorado,1975,131,9.8284607,,.1944371,41.700001
Colorado,1976,134.2,9.8589134,,.1951344,44.799999
Colorado,1977,132,9.8884468,,.19583181,44.700001
Colorado,1978,129.2,9.9337511,,.19652911,57.400002
Colorado,1979,131.5,9.9422197,,.19722649,52.799999
Colorado,1980,131,9.9436121,,.1979239,54.599998
Colorado,1981,133.8,9.9572725,,.19186869,58.099998
Colorado,1982,130.5,9.9626169,,.18581361,61.400002
Colorado,1983,125.3,9.9780369,,.1797584,73.300003
Colorado,1984,119.7,10.00205,25.700001,.1737033,83.400002
Colorado,1985,112.4,10.00078,25.200001,.16764811,93.099998
Colorado,1986,109.9,10.00159,25.5,.1615929,95.099998
Colorado,1987,102.4,9.9944267,24.799999,.1555378,108.6
Colorado,1988,94.599998,10.01883,24.200001,.14948259,116
Colorado,1989,88.800003,10.04306,23.9,.14342751,130.8
Colorado,1990,87.400002,10.04625,24.200001,.1373723,149.3
Colorado,1991,90.199997,10.05476,23.5,,152.60001
Colorado,1992,88.300003,10.06634,23.700001,,157.5
Colorado,1993,88.599998,10.07967,23.5,,168.2
Colorado,1994,89.099998,10.09746,23.1,,153.2
Colorado,1995,85.400002,10.16635,24.4,,164.2
Colorado,1996,83.099998,10.19144,24.799999,,169.60001
Colorado,1997,81.300003,10.2039,24,,174.39999
Colorado,1998,81.199997,,,,185.8
Colorado,1999,79.599998,,,,204.2
Colorado,2000,73,,,,281.29999
Connecticut,1970,120,,,.1629288,42.200001
Connecticut,1971,117.6,,,.1646539,45.5
Connecticut,1972,110.8,9.9811373,,.166379,51.299999
Connecticut,1973,109.3,10.01299,,.1681042,50.599998
Connecticut,1974,112.4,9.9885349,,.16982929,52.5
Connecticut,1975,110.2,9.9607487,,.17155451,54.5
Connecticut,1976,113.4,9.993227,,.1732796,57.599998
Connecticut,1977,117.3,10.02807,,.1750048,58.400002
Connecticut,1978,117.5,10.0632,,.1767299,61.700001
Connecticut,1979,117.4,10.07551,,.178455,64.400002
Connecticut,1980,118,10.07476,,.18018021,67
Connecticut,1981,116.4,10.07957,,.1760501,80.099998
Connecticut,1982,114.7,10.09016,,.1719199,85.599998
Connecticut,1983,114.1,10.12007,,.1677898,95.599998
Connecticut,1984,112.5,10.1816,20.299999,.16365971,113.5
Connecticut,1985,111,10.21292,20.799999,.1595296,118.6
Connecticut,1986,108.5,10.26861,20.6,.1553994,118.5
Connecticut,1987,109,10.30923,21.1,.1512693,122.7
Connecticut,1988,104.8,10.3554,20.700001,.14713921,129.7
Connecticut,1989,100.6,10.36652,19.799999,.1430091,142
Connecticut,1990,91.5,10.3493,19.799999,.138879,171.2
Connecticut,1991,86.699997,10.32414,18.700001,,175.60001
Connecticut,1992,83.5,10.34384,18.299999,,193.5
Connecticut,1993,79.099998,10.34354,17.9,,202.3
Connecticut,1994,76.599998,10.3613,17.9,,205.60001
Connecticut,1995,79.300003,10.451,17.6,,205.39999
Connecticut,1996,76,10.47449,17.200001,,206.3
Connecticut,1997,75.900002,10.48662,17.5,,208.5
Connecticut,1998,75.5,,,,217.89999
Connecticut,1999,73.400002,,,,236.5
Connecticut,2000,71.400002,,,,312.29999
Delaware,1970,155,,,.1733577,39
Delaware,1971,161.10001,,,.1758872,41.299999
Delaware,1972,156.3,9.9099302,,.1784168,44.700001
Delaware,1973,154.7,9.9481773,,.18094631,44
Delaware,1974,151.3,9.9182577,,.1834759,44.200001
Delaware,1975,147.60001,9.8875313,,.1860054,45.900002
Delaware,1976,153,9.9206848,,.188535,50.099998
Delaware,1977,153.3,9.9337788,,.19106451,51.700001
Delaware,1978,155.5,9.9441271,,.1935941,58.700001
Delaware,1979,150.2,9.9261036,,.1961236,60
Delaware,1980,150.5,9.913744,,.19865321,62.700001
Delaware,1981,152.60001,9.9013929,,.193546,66
Delaware,1982,154.10001,9.9043369,,.1884388,74.099998
Delaware,1983,149.60001,9.934576,,.1833317,82
Delaware,1984,144,9.9622822,26.6,.1782245,91.099998
Delaware,1985,144.5,9.9963341,26.200001,.17311729,98.699997
Delaware,1986,142.39999,10.03209,26,.1680101,105.2
Delaware,1987,141,10.04857,25.9,.162903,111.4
Delaware,1988,137.10001,10.07772,25.700001,.1577958,119.3
Delaware,1989,131.7,10.10361,24.9,.15268859,124
Delaware,1990,127.2,10.0948,25.799999,.1475815,140
Delaware,1991,118.8,10.08306,24.9,,143.2
Delaware,1992,120,10.09146,25.200001,,174.7
Delaware,1993,123.8,10.09208,26.200001,,187.89999
Delaware,1994,126.1,10.13125,25.9,,152.5
Delaware,1995,127.2,10.22965,24.6,,160.7
Delaware,1996,128.3,10.26239,24.6,,169.10001
Delaware,1997,124.1,10.26168,24.9,,171.89999
Delaware,1998,132.8,,,,179.2
Delaware,1999,139.5,,,,198.3
Delaware,2000,140.7,,,,276.20001
Georgia,1970,109.9,,,.18744551,34.299999
Georgia,1971,115.7,,,.1878663,35.799999
Georgia,1972,117,9.6388903,,.188287,40.900002
Georgia,1973,119.8,9.684865,,.18870769,42.400002
Georgia,1974,123.7,9.6599808,,.1891285,42.400002
Georgia,1975,122.9,9.6296091,,.18954919,44.5
Georgia,1976,125.9,9.6714296,,.18997,47.900002
Georgia,1977,127.9,9.6933374,,.19039071,49.5
Georgia,1978,130.60001,9.7366514,,.1908115,54.700001
Georgia,1979,131,9.7293024,,.1912322,56.599998
Georgia,1980,134,9.7014446,,.19165289,59.299999
Georgia,1981,131.7,9.7049437,,.1879757,62.599998
Georgia,1982,131.2,9.7073441,,.1842985,67.800003
Georgia,1983,128.60001,9.7557316,,.1806213,78.900002
Georgia,1984,126.3,9.82549,21.299999,.17694411,86.800003
Georgia,1985,128.8,9.8621273,21.4,.1732669,90.699997
Georgia,1986,129,9.9138088,22.1,.1695897,100.1
Georgia,1987,129.3,9.9307976,22.299999,.16591249,103.9
Georgia,1988,124.1,9.9528627,21.700001,.1622353,109.2
Georgia,1989,117.1,9.9539089,21.5,.1585581,122.4
Georgia,1990,113.8,9.9532976,22.299999,.1548809,132.3
Georgia,1991,109.6,9.941865,21.200001,,138.2
Georgia,1992,109.2,9.9585648,21.6,,159.5
Georgia,1993,109.2,9.9678726,21.700001,,167.2
Georgia,1994,107.8,9.9982405,21.4,,147.8
Georgia,1995,100.3,10.05544,21.5,,153.8
Georgia,1996,102.7,10.07977,22,,156.10001
Georgia,1997,100.6,10.08141,21.6,,158.89999
Georgia,1998,100.5,,,,168.7
Georgia,1999,97.099998,,,,188
Georgia,2000,88.400002,,,,257.39999
Idaho,1970,102.4,,,.1781206,33.799999
Idaho,1971,108.5,,,.1760924,33.599998
Idaho,1972,126.1,9.6518393,,.17406429,33.700001
Idaho,1973,121.8,9.7210512,,.1720361,36.299999
Idaho,1974,125.6,9.7462626,,.170008,38
Idaho,1975,123.3,9.6922007,,.16797981,40.299999
Idaho,1976,125.1,9.731101,,.16595159,42.5
Idaho,1977,125,9.7265072,,.1639235,45.599998
Idaho,1978,122.8,9.7689333,,.1618953,51.5
Idaho,1979,117.5,9.7373362,,.1598672,55.400002
Idaho,1980,115.2,9.7114964,,.157839,56.400002
Idaho,1981,114.1,9.6848984,,.1563834,59.200001
Idaho,1982,111.5,9.645257,,.15492781,67.599998
Idaho,1983,111.3,9.6945438,,.1534723,76.5
Idaho,1984,103.6,9.7073164,23.200001,.1520167,88.5
Idaho,1985,100.7,9.7152567,22.299999,.1505612,97.599998
Idaho,1986,96.699997,9.7362137,22.5,.14910559,99.900002
Idaho,1987,95,9.7407227,22,.14765,107.1
Idaho,1988,84.5,9.7660036,21.1,.1461945,121.9
Idaho,1989,78.400002,9.8279266,21.6,.1447389,133.60001
Idaho,1990,90.099998,9.8399277,22.9,.14328329,141.3
Idaho,1991,85.400002,9.8350945,22.200001,,144.39999
Idaho,1992,85.099998,9.8561497,22.6,,167.2
Idaho,1993,86.699997,9.8773632,21.799999,,171.2
Idaho,1994,93,9.903079,21.4,,150.5
Idaho,1995,78.199997,9.9196787,20.1,,163.5
Idaho,1996,73.599998,9.9336338,20.6,,176.5
Idaho,1997,75,9.9219522,20.1,,184.39999
Idaho,1998,78.900002,,,,187.10001
Idaho,1999,75.099998,,,,210.7
Idaho,2000,66.900002,,,,275.89999
Illinois,1970,124.8,,,.16696671,41.400002
Illinois,1971,125.6,,,.1689976,41.400002
Illinois,1972,126.6,9.9081612,,.17102849,41.900002
Illinois,1973,124.4,9.9615955,,.1730594,41
Illinois,1974,131.89999,9.9463148,,.1750903,41.900002
Illinois,1975,131.8,9.9341898,,.17712121,45.200001
Illinois,1976,134.39999,9.965498,,.1791521,48.400002
Illinois,1977,134,9.9969492,,.181183,49.400002
Illinois,1978,136.7,10.0236,,.1832139,54.599998
Illinois,1979,135.3,10.01367,,.1852448,56.799999
Illinois,1980,135.2,9.9621735,,.1872758,60
Illinois,1981,133,9.9650173,,.1830271,63.099998
Illinois,1982,130.7,9.9449787,,.1787785,69.599998
Illinois,1983,127.9,9.9548035,,.17452981,80.800003
Illinois,1984,124,10.00314,24.6,.1702812,89.599998
Illinois,1985,121.6,10.02082,24.299999,.16603249,96.699997
Illinois,1986,118.2,10.0553,24.700001,.1617839,108.4
Illinois,1987,109.5,10.06775,25.1,.1575353,116.2
Illinois,1988,107.6,10.08796,25,.15328661,124.1
Illinois,1989,104.6,10.11391,24.4,.149038,132.7
Illinois,1990,94.099998,10.11675,25.700001,.14478929,147.3
Illinois,1991,96.099998,10.09824,24.4,,154
Illinois,1992,94.800003,10.12329,23.799999,,179.8
Illinois,1993,94.599998,10.12783,23.5,,187.5
Illinois,1994,85.699997,10.15419,23.6,,182.10001
Illinois,1995,84.300003,10.20035,23.200001,,185.2
Illinois,1996,81.800003,10.22424,22.9,,188.7
Illinois,1997,79.599998,10.23659,22.9,,198.7
Illinois,1998,80.300003,,,,202.3
Illinois,1999,72.199997,,,,240.5
Illinois,2000,70,,,,312.70001
Indiana,1970,134.60001,,,.17651591,30.6
Indiana,1971,139.3,,,.1779718,32.200001
Indiana,1972,149.2,9.7318726,,.17942759,32.5
Indiana,1973,156,9.8068829,,.1808835,32.900002
Indiana,1974,159.60001,9.7631845,,.1823394,34.5
Indiana,1975,162.39999,9.7436609,,.1837953,36.700001
Indiana,1976,166.60001,9.7987547,,.18525121,38.700001
Indiana,1977,173,9.8333149,,.186707,40.599998
Indiana,1978,150.89999,9.8652325,,.18816289,50
Indiana,1979,148.89999,9.8514891,,.1896188,52.5
Indiana,1980,146.89999,9.7957764,,.1910747,53.700001
Indiana,1981,148.5,9.7881498,,.1870784,58.299999
Indiana,1982,147.7,9.7577543,,.18308219,65.099998
Indiana,1983,143,9.7750578,,.1790859,75.699997
Indiana,1984,137.8,9.8294573,22,.1750897,85.199997
Indiana,1985,135.3,9.8443022,22,.1710934,88.800003
Indiana,1986,137.60001,9.8822317,22.1,.16709711,93.599998
Indiana,1987,134,9.8970432,21.9,.1631009,100.1
Indiana,1988,134,9.9150448,21.9,.1591046,109.3
Indiana,1989,132.5,9.9365816,21.5,.15510841,119
Indiana,1990,128.3,9.9351416,22.4,.15111209,130.8
Indiana,1991,127.2,9.9210815,21.6,,135.8
Indiana,1992,128.2,9.9537973,20.700001,,153.5
Indiana,1993,126.8,9.9656334,20.5,,157.5
Indiana,1994,128.2,10.00135,20.6,,146.60001
Indiana,1995,135.39999,10.04371,20.1,,146.3
Indiana,1996,135.10001,10.06089,20.299999,,147.8
Indiana,1997,135.3,10.05211,20.299999,,156.3
Indiana,1998,135.89999,,,,166.8
Indiana,1999,133.3,,,,190
Indiana,2000,125.5,,,,260.20001
Iowa,1970,108.5,,,.1688496,37.700001
Iowa,1971,108.4,,,.170839,38.5
Iowa,1972,109.4,9.7302647,,.1728285,41.900002
Iowa,1973,110.6,9.8583717,,.1748179,41.900002
Iowa,1974,116.1,9.7882767,,.1768073,43.200001
Iowa,1975,120.5,9.8002882,,.1787968,45.400002
Iowa,1976,124.4,9.8033323,,.18078621,47.799999
Iowa,1977,125.5,9.8393202,,.18277571,49.400002
Iowa,1978,127.1,9.9141836,,.1847651,54.599998
Iowa,1979,124.2,9.881053,,.1867546,56.400002
Iowa,1980,124.6,9.8101025,,.18874399,58.799999
Iowa,1981,132.89999,9.8386841,,.1840352,61.400002
Iowa,1982,116.2,9.7953053,,.1793265,72.800003
Iowa,1983,115.6,9.7835722,,.17461769,84
Iowa,1984,111.2,9.8315821,23.9,.1699089,93.300003
Iowa,1985,109.4,9.839345,22.9,.1652002,99.5
Iowa,1986,104.1,9.8702335,23.299999,.16049141,104.8
Iowa,1987,101.1,9.8879442,23.1,.1557826,117.1
Iowa,1988,100.2,9.8755713,23,.1510739,124.2
Iowa,1989,94.400002,9.9159241,22.700001,.14636511,145.10001
Iowa,1990,95.400002,9.9278059,23.6,.1416564,149.60001
Iowa,1991,97.099998,9.911109,23.5,,155.39999
Iowa,1992,95.199997,9.942481,23.299999,,178.5
Iowa,1993,92.5,9.9209833,23,,189.7
Iowa,1994,93.400002,9.9968672,23.299999,,171.39999
Iowa,1995,93,10.00185,22.700001,,179
Iowa,1996,94,10.04901,23.1,,183.8
Iowa,1997,93.900002,10.04928,23.299999,,189.3
Iowa,1998,94,,,,193.8
Iowa,1999,91.699997,,,,213
Iowa,2000,88.900002,,,,286.29999
Kansas,1970,114,,,.18052471,34.200001
Kansas,1971,102.8,,,.18155,38.900002
Kansas,1972,111,9.7681179,,.1825754,38.799999
Kansas,1973,115.2,9.8382292,,.1836008,39.299999
Kansas,1974,118.6,9.8108969,,.1846261,40.200001
Kansas,1975,123.4,9.8006124,,.1856515,42.700001
Kansas,1976,127.7,9.8306255,,.1866769,46.599998
Kansas,1977,127.9,9.8480768,,.18770219,48.099998
Kansas,1978,127.1,9.8756046,,.1887276,52.599998
Kansas,1979,126.4,9.9037971,,.189753,54.799999
Kansas,1980,127.1,9.8624439,,.1907783,58.299999
Kansas,1981,132,9.8771791,,.1857294,59.799999
Kansas,1982,130.89999,9.8813038,,.1806805,65.099998
Kansas,1983,127.6,9.8855658,,.1756316,77
Kansas,1984,121.7,9.9164648,20.700001,.1705827,91
Kansas,1985,115.7,9.9359484,20.1,.16553371,97.5
Kansas,1986,109.4,9.9614182,19.9,.16048481,103
Kansas,1987,105.2,9.9628201,19.700001,.1554359,114.5
Kansas,1988,103.2,9.9697027,19.299999,.150387,123.9
Kansas,1989,96.5,9.9629526,19.4,.145338,136.5
Kansas,1990,94.300003,9.9836664,19.700001,.1402891,145.8
Kansas,1991,91.800003,9.9764175,20,,152.7
Kansas,1992,90,9.9982672,19.200001,,174.2
Kansas,1993,89.900002,10.00207,19.4,,174.2
Kansas,1994,89.099998,10.02658,19.5,,159.60001
Kansas,1995,90.099998,10.04495,19.1,,165.7
Kansas,1996,88.699997,10.07641,18.9,,167.7
Kansas,1997,89.199997,10.08714,19.700001,,171.3
Kansas,1998,87.599998,,,,184.3
Kansas,1999,83.300003,,,,207
Kansas,2000,79.800003,,,,271.20001
Kentucky,1970,155.8,,,.1813101,28.299999
Kentucky,1971,163.5,,,.1822996,30.1
Kentucky,1972,179.39999,9.5474815,,.18328901,30.6
Kentucky,1973,201.89999,9.598115,,.1842785,30.6
Kentucky,1974,212.39999,9.6005249,,.1852679,31.5
Kentucky,1975,223,9.5793238,,.18625741,33.299999
Kentucky,1976,230.89999,9.6248569,,.1872468,36
Kentucky,1977,229.39999,9.6726656,,.1882363,36.900002
Kentucky,1978,224.7,9.703743,,.1892257,41.400002
Kentucky,1979,214.89999,9.7025099,,.1902151,43.400002
Kentucky,1980,215.3,9.6613588,,.19120459,46.299999
Kentucky,1981,209.7,9.6655722,,.1872535,49.400002
Kentucky,1982,210.60001,9.6542597,,.1833023,56.299999
Kentucky,1983,201.10001,9.642765,,.1793512,66.400002
Kentucky,1984,183.2,9.6995554,18.5,.17540009,75.400002
Kentucky,1985,182.39999,9.7036314,18.9,.1714489,79.300003
Kentucky,1986,179.8,9.7299166,19.200001,.1674978,85.400002
Kentucky,1987,171.2,9.7397251,19,.1635467,90.5
Kentucky,1988,173.2,9.7585793,19.1,.15959559,94.400002
Kentucky,1989,171.60001,9.7873411,18.299999,.1556444,103.8
Kentucky,1990,182.5,9.8046007,20.1,.1516933,115.6
Kentucky,1991,170.39999,9.8089809,19.4,,120.5
Kentucky,1992,167.60001,9.8416891,19,,135.8
Kentucky,1993,167.60001,9.8432503,19.299999,,145.39999
Kentucky,1994,170.10001,9.8683996,19.6,,132.8
Kentucky,1995,175.3,9.9034758,18.9,,134.8
Kentucky,1996,179,9.9274874,19.1,,139.8
Kentucky,1997,186.8,9.9321775,19.299999,,145.60001
Kentucky,1998,171.3,,,,155.7
Kentucky,1999,165.3,,,,179.2
Kentucky,2000,156.2,,,,243.39999
Louisiana,1970,115.9,,,.18518519,34.299999
Louisiana,1971,119.8,,,.1867808,39.299999
Louisiana,1972,125.3,9.5173655,,.1883764,40
Louisiana,1973,126.7,9.5641108,,.189972,39.900002
Louisiana,1974,129.89999,9.5798197,,.1915676,41.599998
Louisiana,1975,133.60001,9.5852079,,.1931632,44.299999
Louisiana,1976,139.60001,9.6443291,,.1947588,48.099998
Louisiana,1977,140,9.6790781,,.1963544,48.900002
Louisiana,1978,142.7,9.7316809,,.19795001,54.200001
Louisiana,1979,140.10001,9.7377748,,.19954561,57.099998
Louisiana,1980,143.8,9.7394915,,.20114119,60
Louisiana,1981,144,9.7650614,,.1963432,62.599998
Louisiana,1982,143.89999,9.7531261,,.1915451,70.300003
Louisiana,1983,133.7,9.7468615,,.186747,80.699997
Louisiana,1984,128.89999,9.7606812,23.799999,.1819489,90.699997
Louisiana,1985,125,9.7616596,23,.1771508,103
Louisiana,1986,121.2,9.7405939,23.700001,.17235281,105.1
Louisiana,1987,116.5,9.7166986,24.299999,.16755471,117.8
Louisiana,1988,110.9,9.7441053,24.6,.16275661,120.4
Louisiana,1989,103.6,9.7500658,24.4,.15795849,130.7
Louisiana,1990,101.5,9.7702637,26.4,.1531605,143.39999
Louisiana,1991,107.2,9.7844229,26.1,,149.60001
Louisiana,1992,108.5,9.8055668,26.700001,,178.10001
Louisiana,1993,106.2,9.8215361,26.5,,180.5
Louisiana,1994,105.3,9.8609934,27.1,,157.39999
Louisiana,1995,105.7,9.9105272,26.1,,155.8
Louisiana,1996,106.8,9.9236641,26.5,,165.3
Louisiana,1997,105.3,9.9265089,26.700001,,166.89999
Louisiana,1998,103.2,,,,185.89999
Louisiana,1999,101,,,,208
Louisiana,2000,104.3,,,,281.20001
Maine,1970,128.5,,,.1690141,38
Maine,1971,133.2,,,.17033491,38.799999
Maine,1972,136.5,9.5971403,,.1716557,41.5
Maine,1973,138,9.6472855,,.17297649,41
Maine,1974,142.10001,9.6362343,,.1742973,41.799999
Maine,1975,140.7,9.6008902,,.1756181,46.700001
Maine,1976,144.89999,9.6716871,,.176939,49.900002
Maine,1977,145.60001,9.678421,,.1782598,50.900002
Maine,1978,143.89999,9.6988077,,.1795806,55
Maine,1979,138.5,9.6941938,,.18090139,54.5
Maine,1980,141.2,9.683053,,.1822222,59
Maine,1981,138.89999,9.6794462,,.17809661,62.900002
Maine,1982,139.5,9.6835651,,.17397089,69.699997
Maine,1983,135.39999,9.7240248,,.1698453,80.800003
Maine,1984,135.5,9.7747631,22.1,.1657197,93.699997
Maine,1985,127.9,9.8076591,22.200001,.161594,98.099998
Maine,1986,119,9.8740902,22.4,.15746839,112.7
Maine,1987,125,9.9113073,22.6,.1533428,121.2
Maine,1988,125,9.9442158,22.9,.1492171,129
Maine,1989,122.4,9.9670792,21.799999,.1450915,144.39999
Maine,1990,117.5,9.949729,22.1,.1409658,160.10001
Maine,1991,116.1,9.9244347,21.5,,165.8
Maine,1992,114.5,9.942132,20.799999,,187.7
Maine,1993,108.5,9.9456549,20.6,,192.60001
Maine,1994,101.6,9.9626493,20.299999,,178.3
Maine,1995,102.3,9.9690561,21.1,,184.89999
Maine,1996,100,9.9872446,21.299999,,186.89999
Maine,1997,101.1,9.9958286,21,,190.2
Maine,1998,94.5,,,,219.60001
Maine,1999,85.5,,,,267.79999
Maine,2000,82.900002,,,,330.5
Minnesota,1970,104.3,,,.1747241,39.099998
Minnesota,1971,116.4,,,.1767316,40.099998
Minnesota,1972,96.800003,9.7651882,,.1787391,45.200001
Minnesota,1973,106.8,9.8620453,,.1807465,45.599998
Minnesota,1974,110.6,9.8283424,,.182754,47
Minnesota,1975,111.5,9.8016319,,.18476149,49.400002
Minnesota,1976,116.7,9.8249302,,.1867689,52.099998
Minnesota,1977,117.2,9.8759785,,.1887764,53.099998
Minnesota,1978,118.9,9.9134417,,.1907839,57.900002
Minnesota,1979,118.3,9.9091606,,.1927914,60.900002
Minnesota,1980,117.7,9.8774834,,.1947988,63
Minnesota,1981,120.8,9.8679962,,.1892152,65.800003
Minnesota,1982,119.4,9.8631859,,.18363149,71.699997
Minnesota,1983,113.2,9.8746061,,.17804781,87.300003
Minnesota,1984,110.8,9.950923,23.5,.17246421,99.199997
Minnesota,1985,113,9.9689693,23,.1668805,101.5
Minnesota,1986,104.3,10.00552,23,.1612968,116.3
Minnesota,1987,108.8,10.02377,23.200001,.1557132,120.1
Minnesota,1988,94.099998,10.01661,22.9,.1501295,141.7
Minnesota,1989,92.300003,10.04741,22.5,.14454579,152.5
Minnesota,1990,90.699997,10.0464,23.200001,.1389621,162.3
Minnesota,1991,86.199997,10.03139,22.700001,,173.89999
Minnesota,1992,83.800003,10.06335,22,,197.7
Minnesota,1993,81.599998,10.05818,21.9,,215.60001
Minnesota,1994,83.400002,10.09502,22.5,,196.10001
Minnesota,1995,84.099998,10.14878,22.1,,202.2
Minnesota,1996,81.699997,10.18895,22.4,,208.60001
Minnesota,1997,84.099998,10.17544,22.200001,,216.8
Minnesota,1998,83.199997,,,,220.2
Minnesota,1999,80.699997,,,,227.39999
Minnesota,2000,76,,,,303.60001
Mississippi,1970,93.400002,,,.1831304,36.200001
Mississippi,1971,105.4,,,.1843731,37.5
Mississippi,1972,112.1,9.3974485,,.1856157,37.400002
Mississippi,1973,115,9.4570627,,.1868584,37.299999
Mississippi,1974,117.1,9.4363928,,.1881011,41.400002
Mississippi,1975,116.8,9.4136028,,.1893438,43
Mississippi,1976,120.9,9.4779911,,.19058651,46.400002
Mississippi,1977,122.1,9.5163717,,.1918292,48.799999
Mississippi,1978,124.9,9.5403347,,.1930719,53.599998
Mississippi,1979,123.9,9.5529699,,.1943146,56.5
Mississippi,1980,127,9.5035429,,.1955573,59.700001
Mississippi,1981,125.3,9.5124493,,.1920408,63
Mississippi,1982,125.8,9.4982471,,.1885242,69.199997
Mississippi,1983,122.3,9.5044794,,.18500771,78.599998
Mississippi,1984,116.4,9.5459032,20.1,.1814912,89
Mississippi,1985,115.3,9.5537367,20.6,.1779746,96.400002
Mississippi,1986,113.2,9.5764771,21.5,.1744581,106
Mississippi,1987,110,9.5995131,21.6,.1709415,115.8
Mississippi,1988,109,9.627286,21.9,.16742501,122.6
Mississippi,1989,108.3,9.6436415,21.6,.1639085,125.8
Mississippi,1990,101.8,9.6446075,23.299999,.1603919,139.89999
Mississippi,1991,105.6,9.6529732,22.9,,142.7
Mississippi,1992,103.9,9.6849775,23.5,,160.8
Mississippi,1993,105.4,9.701045,23.9,,177.8
Mississippi,1994,106,9.7519388,24.5,,156.89999
Mississippi,1995,107.5,9.7853289,24,,153.89999
Mississippi,1996,106.9,9.8088684,24.299999,,161.2
Mississippi,1997,106.3,9.8037863,24.4,,168.60001
Mississippi,1998,107,,,,175.8
Mississippi,1999,103.9,,,,199.5
Mississippi,2000,97.199997,,,,272
Missouri,1970,121.3,,,.167593,36
Missouri,1971,127.6,,,.16925959,36.799999
Missouri,1972,130,9.7333536,,.17092609,37.700001
Missouri,1973,132.10001,9.7807522,,.1725927,37.700001
Missouri,1974,135.39999,9.7390146,,.17425931,38
Missouri,1975,135.60001,9.7308102,,.1759259,43.5
Missouri,1976,139.5,9.769454,,.1775924,44.700001
Missouri,1977,140.8,9.8080416,,.179259,45.900002
Missouri,1978,141.8,9.8447638,,.18092559,49.900002
Missouri,1979,140.2,9.8475256,,.18259209,52.200001
Missouri,1980,142.10001,9.8010473,,.1842587,57.299999
Missouri,1981,140.5,9.8103666,,.1798325,59.900002
Missouri,1982,139.7,9.8026876,,.17540631,64.699997
Missouri,1983,134.10001,9.8293009,,.1709801,74.800003
Missouri,1984,130,9.8815126,23.700001,.1665539,84.800003
Missouri,1985,129.2,9.9132919,23.700001,.1621277,93.699997
Missouri,1986,128.8,9.9467764,24.200001,.15770151,101.9
Missouri,1987,128.7,9.9532776,24.200001,.1532753,108.5
Missouri,1988,127.4,9.9582586,23.6,.1488491,114.6
Missouri,1989,122.8,9.9722586,23.6,.1444229,118.9
Missouri,1990,119.1,9.9704046,24.299999,.13999671,129.10001
Missouri,1991,119.9,9.9682035,23.9,,132.5
Missouri,1992,122.3,9.9847984,23.700001,,153.10001
Missouri,1993,121.6,9.9861755,23.6,,157.60001
Missouri,1994,119.4,10.01636,24.200001,,146.8
Missouri,1995,124,10.05391,23.5,,150.3
Missouri,1996,124.1,10.07675,23.6,,159.8
Missouri,1997,120.6,10.07141,23.5,,163.39999
Missouri,1998,120.1,,,,173.8
Missouri,1999,118,,,,197
Missouri,2000,113.8,,,,258.79999
Montana,1970,111.2,,,.1757925,34
Montana,1971,115.6,,,.1771459,34.700001
Montana,1972,122.2,9.6946411,,.1784993,40.099998
Montana,1973,119.9,9.7757425,,.17985269,40.900002
Montana,1974,121.9,9.7400379,,.18120611,41.799999
Montana,1975,123.7,9.7246466,,.18255951,43.700001
Montana,1976,124.9,9.7307987,,.1839129,45.299999
Montana,1977,127,9.7327766,,.1852663,47.599998
Montana,1978,127.2,9.8146505,,.1866197,51.900002
Montana,1979,120.3,9.7786264,,.1879731,53.700001
Montana,1980,122,9.7433786,,.1893266,56.700001
Montana,1981,121.1,9.7572937,,.1833387,60.400002
Montana,1982,122.4,9.7356701,,.17735089,65.699997
Montana,1983,113.7,9.7481604,,.171363,77.199997
Montana,1984,110.1,9.7452202,29.4,.1653752,91.300003
Montana,1985,103.6,9.7294073,27.799999,.15938739,95.5
Montana,1986,97.800003,9.7748528,27.4,.1533995,102
Montana,1987,91.699997,9.7781172,27.200001,.1474117,106.2
Montana,1988,87.099998,9.7651443,27.6,.1414239,115.3
Montana,1989,86.199997,9.8151798,27.200001,.135436,123
Montana,1990,84.699997,9.8022699,27.799999,.12944821,140.39999
Montana,1991,82.900002,9.8321304,28,,143.60001
Montana,1992,86.599998,9.8387079,27.700001,,163.5
Montana,1993,86,9.8704977,26.200001,,179.39999
Montana,1994,88.199997,9.8718996,26.6,,151.3
Montana,1995,90.5,9.8912792,26.5,,155.39999
Montana,1996,87.300003,9.9017601,26.700001,,156.8
Montana,1997,88.900002,9.8860435,27,,164.89999
Montana,1998,89.099998,,,,175.39999
Montana,1999,82.599998,,,,196.2
Montana,2000,75.5,,,,260.70001
Nebraska,1970,108.1,,,.17373741,33.900002
Nebraska,1971,108.6,,,.17521711,34.700001
Nebraska,1972,104.9,9.7464752,,.1766969,41.099998
Nebraska,1973,106.6,9.8352985,,.1781767,41.200001
Nebraska,1974,110.5,9.766387,,.1796564,42
Nebraska,1975,114.1,9.797554,,.18113621,44.599998
Nebraska,1976,118.1,9.7879744,,.182616,46.799999
Nebraska,1977,117.7,9.8011255,,.1840957,48.099998
Nebraska,1978,117.4,9.8794575,,.1855755,53.599998
Nebraska,1979,116.1,9.8471727,,.1870553,55.400002
Nebraska,1980,116.3,9.7723808,,.188535,59.5
Nebraska,1981,117,9.81427,,.1835479,60.900002
Nebraska,1982,117.1,9.7994776,,.1785609,69.699997
Nebraska,1983,110.8,9.8029881,,.17357381,83.699997
Nebraska,1984,107.7,9.8535156,25.4,.1685867,94.800003
Nebraska,1985,105.1,9.8755312,24.6,.1635996,95.800003
Nebraska,1986,103.1,9.8968811,24.5,.1586125,104
Nebraska,1987,101.3,9.8999863,24.799999,.1536254,113.7
Nebraska,1988,92.900002,9.9353247,24.299999,.14863829,123.3
Nebraska,1989,93.800003,9.9413671,24.1,.1436512,139.3
Nebraska,1990,89.900002,9.9681711,25.200001,.1386641,143.39999
Nebraska,1991,92.400002,9.9650812,24.6,,152.2
Nebraska,1992,90.599998,9.9983301,24.200001,,169.5
Nebraska,1993,91.099998,9.9964151,24.299999,,177.2
Nebraska,1994,85.900002,10.02996,24.700001,,169.60001
Nebraska,1995,88.5,10.03178,24.1,,170.7
Nebraska,1996,86.199997,10.07806,24.4,,175.5
Nebraska,1997,85.5,10.06976,24.4,,184.8
Nebraska,1998,83.099998,,,,194.60001
Nebraska,1999,86.599998,,,,214.60001
Nebraska,2000,77.599998,,,,288.29999
Nevada,1970,189.5,,,.1615542,38.900002
Nevada,1971,190.5,,,.1637738,44
Nevada,1972,198.60001,9.9442329,,.1659933,40.599998
Nevada,1973,201.5,9.9806318,,.16821291,40.299999
Nevada,1974,204.7,9.9286232,,.17043249,41.900002
Nevada,1975,205.2,9.9154587,,.1726521,44.5
Nevada,1976,201.39999,9.9552307,,.1748717,44.900002
Nevada,1977,190.8,10.0006,,.1770913,49.299999
Nevada,1978,187,10.06987,,.1793108,54.299999
Nevada,1979,183.3,10.05607,,.1815304,57.099998
Nevada,1980,177.7,10.03425,,.18375,63.099998
Nevada,1981,171.89999,10.00596,,.1785419,63.299999
Nevada,1982,165.10001,9.9568682,,.1733339,71.599998
Nevada,1983,159.2,9.9637251,,.16812579,81.900002
Nevada,1984,136.60001,9.9942179,35.099998,.16291779,99.800003
Nevada,1985,146.7,10.02568,35.700001,.1577097,109.3
Nevada,1986,142.60001,10.06373,37.200001,.1525016,106.6
Nevada,1987,147.7,10.07728,37.700001,.1472936,114
Nevada,1988,141.89999,10.09819,39.299999,.14208549,129.60001
Nevada,1989,137.89999,10.12983,40.400002,.13687751,145.60001
Nevada,1990,137.3,10.12119,40.200001,.1316694,173.7
Nevada,1991,115.5,10.10557,37.700001,,186.3
Nevada,1992,110,10.1271,36.400002,,193.8
Nevada,1993,108.1,10.13713,35.099998,,196.8
Nevada,1994,105.2,10.16239,35.099998,,190.3
Nevada,1995,100.9,10.18081,34.299999,,190.39999
Nevada,1996,99,10.20678,35.200001,,195
Nevada,1997,95.599998,10.18646,34.400002,,198.5
Nevada,1998,102.4,,,,200.60001
Nevada,1999,103.9,,,,225.8
Nevada,2000,93.199997,,,,303.5
New Hampshire,1970,265.70001,,,.17073169,31.4
New Hampshire,1971,278,,,.1723339,34.099998
New Hampshire,1972,296.20001,9.7363758,,.1739361,36.099998
New Hampshire,1973,279,9.7749453,,.1755383,36.900002
New Hampshire,1974,269.79999,9.7473078,,.1771404,37.900002
New Hampshire,1975,269.10001,9.7188511,,.1787426,40.799999
New Hampshire,1976,290.5,9.7770433,,.18034481,43.900002
New Hampshire,1977,278.79999,9.8067627,,.18194699,45
New Hampshire,1978,269.60001,9.8531675,,.1835492,49.700001
New Hampshire,1979,254.60001,9.8659334,,.18515129,53.200001
New Hampshire,1980,247.8,9.8606939,,.1867535,55.299999
New Hampshire,1981,245.39999,9.8670425,,.18237481,58.400002
New Hampshire,1982,239.8,9.8762445,,.1779961,67
New Hampshire,1983,232.89999,9.9404678,,.1736175,74.699997
New Hampshire,1984,215.10001,10.00683,35.599998,.16923881,90.5
New Hampshire,1985,201.10001,10.06133,35.700001,.1648601,89.199997
New Hampshire,1986,195.89999,10.12613,34.700001,.16048139,100
New Hampshire,1987,195.10001,10.14629,34.700001,.1561027,102
New Hampshire,1988,180.39999,10.17227,34.099998,.151724,113.5
New Hampshire,1989,172.89999,10.15991,33.299999,.1473453,125.9
New Hampshire,1990,152.39999,10.12278,32.900002,.1429666,135.89999
New Hampshire,1991,144.8,10.11431,32.900002,,153.89999
New Hampshire,1992,143.7,10.12097,32.200001,,164.39999
New Hampshire,1993,148.89999,10.11176,32.400002,,181.10001
New Hampshire,1994,153.8,10.15647,31,,157.8
New Hampshire,1995,158.5,10.21322,31,,163.89999
New Hampshire,1996,158,10.22895,31.1,,168.60001
New Hampshire,1997,174.39999,10.23085,31.299999,,176.60001
New Hampshire,1998,173.8,,,,197
New Hampshire,1999,171.7,,,,222.8
New Hampshire,2000,147.3,,,,313.89999
New Mexico,1970,90,,,.1848574,39.700001
New Mexico,1971,92.599998,,,.1860954,41.700001
New Mexico,1972,99.300003,9.5577898,,.18733341,41.099998
New Mexico,1973,98.900002,9.5927162,,.1885713,41.799999
New Mexico,1974,100.3,9.5847664,,.18980929,43.700001
New Mexico,1975,103.1,9.5968885,,.1910473,46.299999
New Mexico,1976,102.4,9.632618,,.1922853,49.5
New Mexico,1977,102.4,9.6699677,,.1935232,51.599998
New Mexico,1978,103.1,9.7172966,,.1947612,56
New Mexico,1979,101,9.6999969,,.19599921,57.599998
New Mexico,1980,102.7,9.6777515,,.1972371,62.599998
New Mexico,1981,103,9.6808281,,.1915056,63
New Mexico,1982,97.5,9.6785994,,.1857741,69.400002
New Mexico,1983,96.300003,9.6864834,,.18004251,79.599998
New Mexico,1984,88.900002,9.7078657,28.299999,.174311,90.199997
New Mexico,1985,88,9.7347498,28.700001,.1685795,97.5
New Mexico,1986,88.199997,9.7369003,27.9,.162848,101.2
New Mexico,1987,82.300003,9.7291622,27.799999,.1571164,110.2
New Mexico,1988,77.699997,9.743268,27.200001,.1513849,113.7
New Mexico,1989,74.400002,9.7600632,27.9,.1456534,127.2
New Mexico,1990,70.800003,9.765913,27.200001,.1399218,133.60001
New Mexico,1991,69.900002,9.7680378,27.1,,146.89999
New Mexico,1992,71.400002,9.7842789,26.700001,,165.39999
New Mexico,1993,69,9.8062363,26.4,,172.2
New Mexico,1994,68.199997,9.8274717,25.4,,158.39999
New Mexico,1995,67,9.8719387,27.4,,163.5
New Mexico,1996,65.699997,9.8787642,27.200001,,170.8
New Mexico,1997,61.799999,9.8642597,27,,176
New Mexico,1998,62.599998,,,,183.8
New Mexico,1999,59.700001,,,,201.8
New Mexico,2000,53.799999,,,,279.79999
North Carolina,1970,172.39999,,,.1935484,27.299999
North Carolina,1971,187.60001,,,.1936767,29.4
North Carolina,1972,214.10001,9.5908585,,.19380499,28.700001
North Carolina,1973,226.5,9.6449947,,.1939334,28.9
North Carolina,1974,227.3,9.6212044,,.1940617,30.1
North Carolina,1975,226,9.5906782,,.19419,32.900002
North Carolina,1976,230.2,9.6371365,,.1943184,35.799999
North Carolina,1977,217,9.6569748,,.1944467,36.599998
North Carolina,1978,205.5,9.69771,,.194575,41.799999
North Carolina,1979,197.3,9.6813517,,.1947034,43.700001
North Carolina,1980,187.8,9.6566,,.1948317,47.299999
North Carolina,1981,179.3,9.6617842,,.1909665,50
North Carolina,1982,179,9.6492243,,.18710139,55.5
North Carolina,1983,169.8,9.6938868,,.1832362,66
North Carolina,1984,160.60001,9.753726,19.799999,.1793711,75
North Carolina,1985,156.3,9.7817574,19.700001,.175506,78.900002
North Carolina,1986,154.39999,9.8303633,20,.1716408,83.699997
North Carolina,1987,150.5,9.8545933,20,.16777571,90.599998
North Carolina,1988,146,9.8825531,20.1,.16391049,96
North Carolina,1989,139.3,9.8892889,20.299999,.1600454,107.6
North Carolina,1990,133.7,9.9033413,20.9,.1561802,116.4
North Carolina,1991,132.7,9.8938532,20.200001,,126.6
North Carolina,1992,128.89999,9.9231043,20.700001,,145
North Carolina,1993,129.7,9.9406633,20.9,,153.5
North Carolina,1994,112.7,9.9669323,20.799999,,135.89999
North Carolina,1995,124.9,10.02181,20.5,,142.3
North Carolina,1996,129.7,10.04514,21.1,,145.60001
North Carolina,1997,125.6,10.05129,21.299999,,152
North Carolina,1998,126,,,,167.60001
North Carolina,1999,113.1,,,,186.8
North Carolina,2000,109,,,,257.29999
North Dakota,1970,93.800003,,,.184466,37.299999
North Dakota,1971,98.5,,,.186387,38.900002
North Dakota,1972,103.8,9.6972351,,.1883079,38.900002
North Dakota,1973,108.7,9.984169,,.1902288,39.400002
North Dakota,1974,110.5,9.8643074,,.1921497,39.900002
North Dakota,1975,117.9,9.8067036,,.1940707,42.599998
North Dakota,1976,125.4,9.7255096,,.19599161,45.900002
North Dakota,1977,122.2,9.6932182,,.1979125,47.400002
North Dakota,1978,121.9,9.8596678,,.1998335,53.200001
North Dakota,1979,121.3,9.7826929,,.20175441,55
North Dakota,1980,123.7,9.6105089,,.2036753,59.599998
North Dakota,1981,125.7,9.7618484,,.1979569,62
North Dakota,1982,126.8,9.7649136,,.19223841,67.800003
North Dakota,1983,119.6,9.7920113,,.18651991,77.900002
North Dakota,1984,109.4,9.7956266,24,.18080141,94.400002
North Dakota,1985,103.2,9.7935133,23.1,.175083,100.6
North Dakota,1986,99.800003,9.8046122,23,.1693645,104.2
North Dakota,1987,92.300003,9.7899351,23.299999,.163646,110.3
North Dakota,1988,87.099998,9.6920958,24.1,.1579275,123.3
North Dakota,1989,84.099998,9.786231,24.5,.1522091,135.89999
North Dakota,1990,77.099998,9.8413601,26.6,.1464906,144.3
North Dakota,1991,85.199997,9.8193769,26.1,,159.8
North Dakota,1992,74.300003,9.8829813,25.4,,168.3
North Dakota,1993,83,9.8531046,25.6,,177.60001
North Dakota,1994,81,9.9164858,25.799999,,180.10001
North Dakota,1995,80.599998,9.8840332,25.5,,179.5
North Dakota,1996,80.800003,9.9606361,26.6,,182.7
North Dakota,1997,77.5,9.9085445,26.4,,194.10001
North Dakota,1998,79.099998,,,,205.2
North Dakota,1999,74.699997,,,,223.60001
North Dakota,2000,72.5,,,,297.5
Ohio,1970,121.6,,,.1732195,36.599998
Ohio,1971,124.6,,,.17453989,38.099998
Ohio,1972,124.4,9.7795792,,.1758603,38.400002
Ohio,1973,120.5,9.8266315,,.17718069,42
Ohio,1974,122.1,9.8118534,,.1785011,42.900002
Ohio,1975,122.5,9.7832298,,.1798214,46
Ohio,1976,124.6,9.8318577,,.18114179,48.5
Ohio,1977,127.3,9.8724022,,.1824622,49.799999
Ohio,1978,131.3,9.8993502,,.18378261,53.900002
Ohio,1979,130.89999,9.8915901,,.185103,56.299999
Ohio,1980,133.5,9.8509111,,.18642341,58.700001
Ohio,1981,132.8,9.8355169,,.1822796,61.400002
Ohio,1982,134,9.8154449,,.1781359,68.300003
Ohio,1983,130,9.8364983,,.1739921,82.5
Ohio,1984,127.1,9.8840942,24.9,.16984829,89.199997
Ohio,1985,126.7,9.9044762,24.200001,.1657045,92.199997
Ohio,1986,126.3,9.9381123,23.4,.1615607,98.099998
Ohio,1987,124.6,9.9430628,23.9,.157417,102.2
Ohio,1988,122.4,9.9685946,23.700001,.1532732,108.4
Ohio,1989,118.6,9.9778709,23.9,.14912941,120.5
Ohio,1990,115.5,9.977726,23.9,.1449856,135.39999
Ohio,1991,113.2,9.9623299,23.6,,139.8
Ohio,1992,112.3,9.9826889,23,,159.60001
Ohio,1993,108.9,9.9897213,23,,162.5
Ohio,1994,108.6,10.03149,23,,151.2
Ohio,1995,111.7,10.08051,22.799999,,155.60001
Ohio,1996,107.6,10.09726,23.299999,,159.7
Ohio,1997,108.6,10.09318,23,,166.8
Ohio,1998,106.4,,,,172.89999
Ohio,1999,104,,,,193.2
Ohio,2000,99.900002,,,,265.39999
Oklahoma,1970,108.4,,,.17545921,38.400002
Oklahoma,1971,115.4,,,.1765248,39.799999
Oklahoma,1972,121.7,9.6250267,,.1775905,39.799999
Oklahoma,1973,124.1,9.6824188,,.1786561,40.400002
Oklahoma,1974,130.5,9.6751032,,.1797218,41
Oklahoma,1975,132.89999,9.6826162,,.1807874,43.599998
Oklahoma,1976,138.60001,9.7122602,,.1818531,46.400002
Oklahoma,1977,140.39999,9.7403669,,.1829187,47.900002
Oklahoma,1978,143.60001,9.782526,,.1839844,53.099998
Oklahoma,1979,141.60001,9.8096666,,.18505,55.5
Oklahoma,1980,141.60001,9.8114376,,.1861157,62.900002
Oklahoma,1981,143.7,9.8449898,,.1817683,65.800003
Oklahoma,1982,147,9.8531399,,.17742079,71.699997
Oklahoma,1983,140,9.8048458,,.1730734,83.900002
Oklahoma,1984,128.10001,9.813323,17.799999,.16872589,93.300003
Oklahoma,1985,124.2,9.8161297,18.1,.16437849,95.099998
Oklahoma,1986,119.9,9.8019218,18.299999,.1600311,104.6
Oklahoma,1987,113.1,9.7798052,18.200001,.15568361,114.4
Oklahoma,1988,103.6,9.8014698,18.299999,.15133619,122.6
Oklahoma,1989,97.5,9.8182058,18.4,.1469887,133.39999
Oklahoma,1990,88.400002,9.828145,19.700001,.14264131,146.10001
Oklahoma,1991,87.800003,9.8226833,19.700001,,149.10001
Oklahoma,1992,86.300003,9.8441906,19.9,,170.60001
Oklahoma,1993,86.199997,9.8481712,20,,182.39999
Oklahoma,1994,104.8,9.861187,20.4,,163.39999
Oklahoma,1995,109.5,9.8983765,20,,161.10001
Oklahoma,1996,110.8,9.9188061,19.9,,162.7
Oklahoma,1997,111.8,9.9199924,20.1,,172
Oklahoma,1998,112.2,,,,183.60001
Oklahoma,1999,111.4,,,,203.39999
Oklahoma,2000,108.9,,,,272.60001
Pennsylvania,1970,107.3,,,.163376,38.400002
Pennsylvania,1971,106.3,,,.1650846,44.700001
Pennsylvania,1972,109,9.7842741,,.1667932,44.700001
Pennsylvania,1973,110.7,9.8210878,,.16850179,44.900002
Pennsylvania,1974,114.2,9.8142262,,.1702103,46.599998
Pennsylvania,1975,114.6,9.8045158,,.1719189,49.799999
Pennsylvania,1976,118.8,9.8433104,,.1736275,52.299999
Pennsylvania,1977,120.1,9.8733702,,.17533609,53.299999
Pennsylvania,1978,122.3,9.902813,,.1770447,57.400002
Pennsylvania,1979,122.6,9.899785,,.1787533,60.599998
Pennsylvania,1980,124,9.869998,,.1804619,61.299999
Pennsylvania,1981,125.2,9.8664436,,.1764556,64.800003
Pennsylvania,1982,123.3,9.8627663,,.17244931,69.800003
Pennsylvania,1983,125.3,9.8769064,,.16844299,81.699997
Pennsylvania,1984,115.3,9.9113054,24.9,.1644367,97.699997
Pennsylvania,1985,115.8,9.9447384,24.9,.1604304,100.1
Pennsylvania,1986,113.9,9.9871082,25.200001,.15642411,104.9
Pennsylvania,1987,110.6,10.00093,25.1,.1524177,110
Pennsylvania,1988,107.6,10.02141,25.299999,.14841139,112.3
Pennsylvania,1989,107.1,10.04745,24.6,.1444051,122.8
Pennsylvania,1990,101.3,10.05147,25.799999,.1403988,133.7
Pennsylvania,1991,102.5,10.04936,24.6,,144.10001
Pennsylvania,1992,96.199997,10.06763,23.5,,176.2
Pennsylvania,1993,94.699997,10.06874,23.700001,,183.8
Pennsylvania,1994,95.400002,10.09234,23.4,,158.10001
Pennsylvania,1995,95.400002,10.13072,22.4,,161.7
Pennsylvania,1996,93.300003,10.15595,22.4,,169.39999
Pennsylvania,1997,92.900002,10.15234,22.1,,176.5
Pennsylvania,1998,92.099998,,,,190.89999
Pennsylvania,1999,91.099998,,,,205
Pennsylvania,2000,87.900002,,,,280.10001
Rhode Island,1970,123.9,,,.18315791,39.299999
Rhode Island,1971,123.2,,,.1838495,40.200001
Rhode Island,1972,134.39999,9.7702112,,.18454111,41.599998
Rhode Island,1973,142,9.7852039,,.1852327,40.599998
Rhode Island,1974,146.10001,9.7659454,,.18592431,41.299999
Rhode Island,1975,154.7,9.7571259,,.1866159,44.299999
Rhode Island,1976,150.2,9.795517,,.18730751,52.200001
Rhode Island,1977,148.8,9.8197079,,.1879991,52.299999
Rhode Island,1978,146.8,9.8429708,,.18869071,56.299999
Rhode Island,1979,145.8,9.8439465,,.1893823,58.700001
Rhode Island,1980,149.3,9.8353987,,.19007391,60
Rhode Island,1981,151.2,9.8362837,,.1864105,64.5
Rhode Island,1982,146.3,9.8429747,,.18274701,71.599998
Rhode Island,1983,135.8,9.8823481,,.1790835,84
Rhode Island,1984,136.89999,9.931385,25.1,.17542,94.800003
Rhode Island,1985,133.39999,9.9552393,25.700001,.1717566,100.3
Rhode Island,1986,136.3,10.00257,26,.1680931,101.8
Rhode Island,1987,124.4,10.02757,25.6,.16442961,113.5
Rhode Island,1988,138,10.0653,25.299999,.1607662,121.5
Rhode Island,1989,120.8,10.08002,24.799999,.1571027,134.8
Rhode Island,1990,101.4,10.05992,24,.15343919,150.89999
Rhode Island,1991,103.6,10.03951,24.299999,,170.3
Rhode Island,1992,100.1,10.0497,22.799999,,190
Rhode Island,1993,94.099998,10.06695,22.299999,,197.89999
Rhode Island,1994,91.900002,10.08022,22.6,,168.89999
Rhode Island,1995,90.800003,10.13503,22.200001,,209.60001
Rhode Island,1996,87.5,10.14552,21.700001,,214.89999
Rhode Island,1997,90,10.15322,22.9,,217
Rhode Island,1998,88.699997,,,,232.2
Rhode Island,1999,86.900002,,,,251.7
Rhode Island,2000,83.099998,,,,322.89999
South Carolina,1970,103.6,,,.2003088,32.5
South Carolina,1971,115,,,.2004893,34.299999
South Carolina,1972,118.7,9.5093088,,.2006698,34.099998
South Carolina,1973,125.5,9.5639935,,.20085029,33.5
South Carolina,1974,129.7,9.5587463,,.2010309,35.200001
South Carolina,1975,130.5,9.527854,,.20121139,38.099998
South Carolina,1976,136.8,9.574728,,.20139191,41
South Carolina,1977,137.2,9.5897017,,.2015724,42.200001
South Carolina,1978,140.39999,9.6268749,,.20175301,49.200001
South Carolina,1979,135.7,9.623209,,.2019335,50.200001
South Carolina,1980,138.3,9.6011858,,.202114,52.299999
South Carolina,1981,136.10001,9.6005611,,.197689,54.700001
South Carolina,1982,136,9.5837898,,.19326399,61.900002
South Carolina,1983,131.10001,9.6259909,,.1888389,72.400002
South Carolina,1984,127,9.6750488,22,.1844139,81.300003
South Carolina,1985,125.4,9.6976843,22.1,.17998891,83
South Carolina,1986,126.6,9.7297287,22.9,.1755639,88.699997
South Carolina,1987,126.6,9.7545767,23.5,.17113879,95.300003
South Carolina,1988,124.4,9.7925787,24,.1667138,99.900002
South Carolina,1989,122.4,9.7964678,24,.1622888,111.9
South Carolina,1990,118.6,9.8276386,25.6,.1578638,125.2
South Carolina,1991,121.5,9.8106251,23.799999,,129
South Carolina,1992,112.8,9.8254433,23.799999,,151.89999
South Carolina,1993,115.2,9.834693,24.200001,,164.5
South Carolina,1994,112.2,9.8676138,24.700001,,139.10001
South Carolina,1995,109.2,9.909873,24.9,,140
South Carolina,1996,102.9,9.9266539,25.4,,149.5
South Carolina,1997,124.5,9.9360113,25.6,,153.89999
South Carolina,1998,126.9,,,,165.3
South Carolina,1999,109.4,,,,179.60001
South Carolina,2000,103.9,,,,255.3
South Dakota,1970,92.699997,,,.17867871,38.5
South Dakota,1971,96.699997,,,.1804924,38.5
South Dakota,1972,103,9.6308489,,.1823062,39.099998
South Dakota,1973,103.5,9.8087807,,.1841199,39.599998
South Dakota,1974,108.4,9.6978235,,.18593369,40.400002
South Dakota,1975,113.5,9.6944618,,.1877474,42.799999
South Dakota,1976,116.7,9.6236677,,.1895612,45
South Dakota,1977,115.6,9.6784782,,.1913749,46.400002
South Dakota,1978,116.9,9.7567081,,.1931887,53.200001
South Dakota,1979,117.4,9.752883,,.1950025,54.099998
South Dakota,1980,114.7,9.6161861,,.19681621,58.799999
South Dakota,1981,115.7,9.6657171,,.1910096,62.299999
South Dakota,1982,113,9.6491127,,.185203,68
South Dakota,1983,109.8,9.655467,,.1793965,78.800003
South Dakota,1984,105.7,9.7210913,21.700001,.1735899,89.800003
South Dakota,1985,104.4,9.719058,20.9,.16778331,92.300003
South Dakota,1986,97,9.7537327,21.200001,.1619767,108.5
South Dakota,1987,95.800003,9.7795067,21.5,.1561701,113.7
South Dakota,1988,91.900002,9.7653551,21,.1503635,124.7
South Dakota,1989,87.400002,9.8142815,21.6,.14455689,130.10001
South Dakota,1990,88.300003,9.8617363,23.4,.1387504,138.89999
South Dakota,1991,91.800003,9.8698616,23.5,,150.3
South Dakota,1992,93,9.8960752,23.6,,163
South Dakota,1993,91.599998,9.9023857,23.5,,180.3
South Dakota,1994,94.800003,9.9720716,24.299999,,154.39999
South Dakota,1995,98.599998,9.924325,23.700001,,162.10001
South Dakota,1996,92.300003,9.9879084,24.299999,,171.2
South Dakota,1997,88.800003,9.9555626,24.1,,181.7
South Dakota,1998,88.300003,,,,192.8
South Dakota,1999,83.5,,,,207.89999
South Dakota,2000,75.099998,,,,272.89999
Tennessee,1970,99.800003,,,.1780438,39.900002
Tennessee,1971,106.3,,,.1788193,41.599998
Tennessee,1972,111.5,9.5697165,,.1795947,41.599998
Tennessee,1973,109.7,9.6309748,,.1803702,40.799999
Tennessee,1974,114.8,9.6094961,,.18114559,42.5
Tennessee,1975,117.4,9.5845461,,.18192109,45.299999
Tennessee,1976,121.7,9.6320295,,.18269651,48.299999
Tennessee,1977,124.6,9.6559906,,.1834719,49.599998
Tennessee,1978,127.3,9.7006721,,.1842474,54.799999
Tennessee,1979,127.2,9.6905422,,.18502291,57.299999
Tennessee,1980,130.39999,9.6576977,,.1857983,60.299999
Tennessee,1981,129.10001,9.6552153,,.1821052,63.700001
Tennessee,1982,131.39999,9.6426888,,.1784122,68.300003
Tennessee,1983,129,9.6723413,,.1747191,79.099998
Tennessee,1984,125.1,9.7292414,19.700001,.17102601,88.300003
Tennessee,1985,128.7,9.7570047,19.799999,.1673329,92.5
Tennessee,1986,129,9.8143263,20.9,.1636398,98.800003
Tennessee,1987,130.60001,9.8423405,21,.1599468,103.5
Tennessee,1988,125.3,9.8646994,21.5,.1562537,112.1
Tennessee,1989,124.7,9.8788528,21.1,.15256061,121.5
Tennessee,1990,121.8,9.8795033,21.9,.1488675,135
Tennessee,1991,120.6,9.8746862,21.4,,137.39999
Tennessee,1992,121,9.9114437,21.700001,,163.89999
Tennessee,1993,120.8,9.925889,21.6,,170.2
Tennessee,1994,118.8,9.9606895,21.5,,150.3
Tennessee,1995,125.4,10.02626,21.4,,153
Tennessee,1996,119.2,10.0345,21.5,,155.89999
Tennessee,1997,118.9,10.03078,21.299999,,161.10001
Tennessee,1998,119.7,,,,167.7
Tennessee,1999,115.6,,,,189.5
Tennessee,2000,108.7,,,,261.20001
Texas,1970,106.4,,,.1831414,40.400002
Texas,1971,108.9,,,.1843086,42
Texas,1972,108.6,9.675209,,.1854758,46.900002
Texas,1973,110.4,9.7254438,,.186643,46.400002
Texas,1974,114.7,9.7229862,,.1878102,47.5
Texas,1975,116,9.7346134,,.18897741,50.599998
Texas,1976,121.4,9.7809973,,.1901446,53.299999
Texas,1977,124.2,9.8127384,,.19131181,53.299999
Texas,1978,126.6,9.8638067,,.192479,59.099998
Texas,1979,126.4,9.8775606,,.19364619,62.200001
Texas,1980,129.7,9.8685799,,.1948134,63.700001
Texas,1981,129,9.8981886,,.1905501,66.900002
Texas,1982,131.2,9.8872089,,.1862867,73.800003
Texas,1983,126.4,9.8802118,,.18202341,84.099998
Texas,1984,117.2,9.9096031,29.799999,.17776,93.800003
Texas,1985,115.9,9.9280357,29.1,.17349669,102.1
Texas,1986,113.7,9.8984003,29,.16923331,105.5
Texas,1987,105.8,9.8891201,27.5,.16497,114.4
Texas,1988,96.5,9.9052229,27.5,.16070659,128
Texas,1989,94.5,9.9191084,27.6,.1564433,137
Texas,1990,85.599998,9.9306412,29,.1521799,145.7
Texas,1991,79.400002,9.9306669,27.700001,,173.60001
Texas,1992,77.199997,9.9572639,28.5,,186
Texas,1993,81.300003,9.9642467,28.1,,204.60001
Texas,1994,78.800003,9.9740763,28.299999,,177.7
Texas,1995,75.199997,10.03184,27.1,,185
Texas,1996,74.599998,10.05282,27.1,,188.39999
Texas,1997,72.599998,10.0708,27,,189.8
Texas,1998,73.199997,,,,201.8
Texas,1999,67.599998,,,,225
Texas,2000,69.300003,,,,292.29999
Utah,1970,65.5,,,.2020774,34.599998
Utah,1971,67.699997,,,.2020613,36.599998
Utah,1972,71.300003,9.6011219,,.2020452,37.200001
Utah,1973,72.699997,9.626667,,.2020292,36.5
Utah,1974,75.599998,9.6121693,,.20201311,37.799999
Utah,1975,75.800003,9.6010208,,.201997,40.5
Utah,1976,77.900002,9.6451597,,.2019809,43.400002
Utah,1977,78,9.6734715,,.2019648,44.700001
Utah,1978,79.599998,9.7081699,,.2019487,49.5
Utah,1979,79.099998,9.6941032,,.20193259,53.700001
Utah,1980,74.800003,9.654541,,.2019165,57.200001
Utah,1981,77.599998,9.6400614,,.198395,62.700001
Utah,1982,73.599998,9.6280756,,.1948735,68.099998
Utah,1983,69,9.6433077,,.19135199,82
Utah,1984,66.300003,9.6788979,13.4,.18783049,95.300003
Utah,1985,66.5,9.6977673,13.8,.18430901,104.6
Utah,1986,64.400002,9.7155733,13.7,.1807875,103.5
Utah,1987,67.699997,9.7198858,13,.177266,108.6
Utah,1988,55,9.7291555,12.8,.1737445,122.9
Utah,1989,57,9.7460203,12.7,.170223,135.60001
Utah,1990,53.400002,9.7551594,12.7,.1667015,151.89999
Utah,1991,53.5,9.7621841,13.2,,167.10001
Utah,1992,55,9.7833872,13,,170.10001
Utah,1993,56.200001,9.7937174,21.9,,180.10001
Utah,1994,55.799999,9.8366289,12.9,,160.39999
Utah,1995,52,9.872345,12.8,,168.8
Utah,1996,54,9.9047661,13.2,,174.89999
Utah,1997,57,9.9155798,13,,186.2
Utah,1998,42.299999,,,,222.7
Utah,1999,43.900002,,,,243.7
Utah,2000,40.700001,,,,312.89999
Vermont,1970,122.6,,,.1797753,37.700001
Vermont,1971,124.4,,,.1813672,39.5
Vermont,1972,138,9.673069,,.1829592,40
Vermont,1973,146.8,9.6991587,,.1845511,39.799999
Vermont,1974,151.8,9.6617918,,.1861431,41.299999
Vermont,1975,155.5,9.6371241,,.18773501,41.799999
Vermont,1976,171.10001,9.6807137,,.1893269,47.099998
Vermont,1977,169.39999,9.6877613,,.19091889,47
Vermont,1978,162.39999,9.7469778,,.1925108,52.5
Vermont,1979,160.89999,9.747611,,.19410279,54.799999
Vermont,1980,161.60001,9.7229652,,.1956947,58.900002
Vermont,1981,163.8,9.7274399,,.1911066,61
Vermont,1982,162.3,9.7234392,,.18651851,66.800003
Vermont,1983,153.8,9.759017,,.1819305,77
Vermont,1984,144.3,9.8052397,26.299999,.1773424,90.599998
Vermont,1985,144.5,9.8485041,26.6,.1727543,95.5
Vermont,1986,131.2,9.9077749,27.6,.16816621,104.9
Vermont,1987,128.3,9.935688,27.799999,.16357809,113.8
Vermont,1988,128.7,9.9602709,27,.15899,123.7
Vermont,1989,120.9,9.9920559,26,.1544019,129.7
Vermont,1990,124.3,9.9729328,26.1,.1498138,143.7
Vermont,1991,120.9,9.9512835,25,,150.10001
Vermont,1992,126.5,9.9767723,23.9,,168
Vermont,1993,117.2,9.9796867,23.700001,,173.8
Vermont,1994,120.3,9.9939384,23.299999,,159.60001
Vermont,1995,123.2,10.04172,22.799999,,160.10001
Vermont,1996,102.5,10.06101,23.299999,,196.39999
Vermont,1997,97.699997,10.0434,2.5,,201.89999
Vermont,1998,97,,,,213.89999
Vermont,1999,94.099998,,,,233.7
Vermont,2000,88.900002,,,,301.10001
Virginia,1970,124.3,,,.18942159,28.799999
Virginia,1971,128.39999,,,.1898735,30.200001
Virginia,1972,137,9.7364054,,.19032539,29.9
Virginia,1973,143.10001,9.7815247,,.1907773,30.1
Virginia,1974,149.60001,9.7725172,,.19122919,31.299999
Virginia,1975,152.7,9.7617769,,.1916811,33.599998
Virginia,1976,158.10001,9.7995729,,.19213299,37.900002
Virginia,1977,157.7,9.828063,,.1925849,38.400002
Virginia,1978,155.89999,9.8681631,,.19303671,42.799999
Virginia,1979,151.8,9.8708868,,.1934886,45.799999
Virginia,1980,148.89999,9.8665924,,.19394051,48.5
Virginia,1981,149.89999,9.8671904,,.1898061,51.799999
Virginia,1982,147.39999,9.870553,,.1856717,56.400002
Virginia,1983,144.7,9.9070873,,.1815373,68.800003
Virginia,1984,136.8,9.9557095,22.4,.1774029,76
Virginia,1985,134.60001,9.9849701,22.4,.1732686,83.599998
Virginia,1986,135.8,10.03191,23.4,.1691342,91.300003
Virginia,1987,133,10.05443,23.5,.1649998,94.599998
Virginia,1988,129.5,10.07846,23.299999,.1608654,102.1
Virginia,1989,122.5,10.09796,23.6,.15673099,109.4
Virginia,1990,118.9,10.08653,24,.15259659,128.60001
Virginia,1991,109.1,10.07138,23,,136.5
Virginia,1992,108.2,10.08065,22.5,,157.89999
Virginia,1993,105.4,10.08279,22.200001,,165.7
Virginia,1994,106.2,10.10628,21.700001,,156.5
Virginia,1995,106.7,10.15624,20.700001,,157.5
Virginia,1996,104.6,10.17183,20.6,,159.60001
Virginia,1997,108,10.17056,20.5,,159.60001
Virginia,1998,105.6,,,,162.2
Virginia,1999,102.1,,,,183.7
Virginia,2000,96.699997,,,,252.8
West Virginia,1970,114.5,,,.1725917,33.700001
West Virginia,1971,111.5,,,.1731274,41.599998
West Virginia,1972,117.5,9.5429878,,.17366309,41.299999
West Virginia,1973,116.6,9.5696554,,.17419881,39.900002
West Virginia,1974,119.9,9.5655956,,.1747345,42
West Virginia,1975,123.2,9.5853043,,.1752702,45.200001
West Virginia,1976,129.7,9.6261644,,.1758059,48.400002
West Virginia,1977,133.89999,9.6583643,,.17634159,48.900002
West Virginia,1978,131.60001,9.6878462,,.1768773,53.900002
West Virginia,1979,122.1,9.6838675,,.177413,62.400002
West Virginia,1980,122.3,9.6520319,,.1779487,64.300003
West Virginia,1981,120.5,9.6292686,,.17466921,66.199997
West Virginia,1982,119.8,9.6267376,,.17138959,75.099998
West Virginia,1983,115.7,9.612957,,.1681101,88.199997
West Virginia,1984,111.9,9.6407785,19.700001,.16483051,97.199997
West Virginia,1985,109.1,9.6517162,19.700001,.161551,103.2
West Virginia,1986,112.1,9.6880007,19.6,.1582714,104.1
West Virginia,1987,107.5,9.6830807,19.9,.15499189,112.8
West Virginia,1988,109.1,9.7083006,20.1,.1517123,122.2
West Virginia,1989,104,9.7247725,20.200001,.14843281,131.2
West Virginia,1990,104.1,9.7483778,21.700001,.14515319,142.89999
West Virginia,1991,100.1,9.7575083,21.5,,144.10001
West Virginia,1992,97.900002,9.7847652,21,,158.2
West Virginia,1993,111,9.794651,21.6,,166.2
West Virginia,1994,104.2,9.8301058,21.5,,150.10001
West Virginia,1995,115.2,9.8342695,20.9,,156.8
West Virginia,1996,112.7,9.8451862,21,,157.3
West Virginia,1997,114.5,9.8371267,21,,160.89999
West Virginia,1998,114.6,,,,171.10001
West Virginia,1999,112.4,,,,192.39999
West Virginia,2000,107.9,,,,253.7
Wisconsin,1970,106.4,,,.17428701,38.5
Wisconsin,1971,105.4,,,.1763441,40.200001
Wisconsin,1972,108.8,9.749259,,.1784011,40.299999
Wisconsin,1973,109.5,9.7977514,,.1804582,42.599998
Wisconsin,1974,111.8,9.7823486,,.1825152,43.900002
Wisconsin,1975,113.5,9.7661839,,.18457229,46.599998
Wisconsin,1976,115.4,9.8076086,,.1866294,51.299999
Wisconsin,1977,117.2,9.8522978,,.1886864,52.099998
Wisconsin,1978,116.7,9.8898201,,.19074351,57.099998
Wisconsin,1979,117.1,9.892312,,.1928006,58.700001
Wisconsin,1980,117.6,9.8555841,,.1948576,61.200001
Wisconsin,1981,119.9,9.8342934,,.1897798,64.900002
Wisconsin,1982,115.6,9.8212986,,.18470199,75
Wisconsin,1983,106.3,9.8383503,,.1796242,92
Wisconsin,1984,105.6,9.8815489,32.900002,.17454641,100.8
Wisconsin,1985,107,9.8943863,32.099998,.1694686,106.8
Wisconsin,1986,105.4,9.9329729,32.700001,.1643908,110.8
Wisconsin,1987,106,9.9412937,31.5,.15931299,116.3
Wisconsin,1988,102.6,9.9472141,31,.1542352,128.60001
Wisconsin,1989,100.3,9.9652624,30.200001,.1491573,138.3
Wisconsin,1990,94,9.9693375,30.5,.14407951,151.10001
Wisconsin,1991,95.5,9.9605207,29,,158.60001
Wisconsin,1992,96.199997,9.9926596,28.1,,176.5
Wisconsin,1993,91.199997,9.9995327,28.299999,,195.5
Wisconsin,1994,91.800003,10.03168,28.299999,,178.60001
Wisconsin,1995,93.5,10.07112,28,,188
Wisconsin,1996,92.099998,10.09,27.6,,200.5
Wisconsin,1997,91.900002,10.09384,28.6,,200.7
Wisconsin,1998,88.699997,,,,210.8
Wisconsin,1999,84.400002,,,,243.5
Wisconsin,2000,80.099998,,,,312.79999
Wyoming,1970,132.2,,,.1746988,34.099998
Wyoming,1971,131.7,,,.1772289,34.400002
Wyoming,1972,140,9.7667103,,.179759,34.400002
Wyoming,1973,141.2,9.8434849,,.1822892,34.400002
Wyoming,1974,145.8,9.8592901,,.1848193,35.799999
Wyoming,1975,160.7,9.8481035,,.18734939,38.599998
Wyoming,1976,161.5,9.8714981,,.18987951,42.599998
Wyoming,1977,160.39999,9.9239206,,.1924096,43.400002
Wyoming,1978,160.3,10.00353,,.19493981,49.799999
Wyoming,1979,168.60001,10.01674,,.19746991,51.700001
Wyoming,1980,158.10001,10.01396,,.2,55.299999
Wyoming,1981,163.10001,9.9997196,,.19355179,55.900002
Wyoming,1982,157.7,9.9453144,,.1871035,64.300003
Wyoming,1983,141.2,9.8841877,,.1806553,71
Wyoming,1984,128.89999,9.8843517,26.299999,.174207,81.699997
Wyoming,1985,125.7,9.9106588,26,.16775879,87.400002
Wyoming,1986,124.8,9.8742666,24.5,.1613106,97.800003
Wyoming,1987,110.4,9.8398495,24.5,.1548623,102.7
Wyoming,1988,114.3,9.8706474,23.6,.14841411,112.9
Wyoming,1989,111.4,9.892477,23,.1419659,118.6
Wyoming,1990,96.900002,9.9393129,25.1,.1355176,129.5
Wyoming,1991,109.1,9.9784079,24.700001,,136
Wyoming,1992,110.8,9.9793291,24.700001,,155.10001
Wyoming,1993,108.4,9.9951229,24.299999,,166.89999
Wyoming,1994,111.2,10.00381,25,,147.39999
Wyoming,1995,115,10.00949,23.6,,153
Wyoming,1996,110.3,10.01677,24.6,,162.5
Wyoming,1997,108.8,10.02561,24.6,,164.10001
Wyoming,1998,102.9,,,,168.8
Wyoming,1999,104.8,,,,189.60001
Wyoming,2000,90.5,,,,267.10001
